LoanAmount,Loan_Amount_Term,Credit_History,gender,married,education,selfemployed,property_area,total_income_log,Loan_Status
146.41216216216216,360.0,1.0,1,0,0,0,2,8.674025985443025,1
128.0,360.0,1.0,1,1,0,0,0,8.714567550836485,0
66.0,360.0,1.0,1,1,0,1,2,8.006367567650246,1
120.0,360.0,1.0,1,1,1,0,2,8.50532301884575,1
141.0,360.0,1.0,1,0,0,0,2,8.699514748210191,1
267.0,360.0,1.0,1,1,0,1,2,9.170871628065816,1
95.0,360.0,1.0,1,1,1,0,2,8.255568653283746,1
158.0,360.0,0.0,1,1,0,0,1,8.61974977974133,0
168.0,360.0,1.0,1,1,0,0,2,8.61830469278465,1
349.0,360.0,1.0,1,1,0,0,1,10.077818939438902,0
70.0,360.0,1.0,1,1,0,0,2,8.268731832117737,1
109.0,360.0,1.0,1,1,0,0,2,8.375629627094451,1
200.0,360.0,1.0,1,1,0,0,2,9.321792297270326,1
114.0,360.0,1.0,1,0,0,0,0,8.453827315794417,0
17.0,300.0,1.0,1,1,0,0,2,7.776954403322442,1
125.0,360.0,1.0,1,0,0,0,2,8.507142855562735,1
100.0,300.0,1.0,1,0,1,0,2,8.18757739559151,1
76.0,360.0,0.0,0,0,0,0,2,8.163371316459912,0
133.0,360.0,1.0,1,1,1,0,0,8.494333897270154,0
115.0,360.0,1.0,1,1,0,0,2,8.716044050161402,1
104.0,360.0,0.0,1,1,1,0,2,8.943767262734637,0
315.0,360.0,1.0,1,1,0,0,2,9.357034751126987,1
116.0,360.0,0.0,1,1,1,0,1,8.414274137408396,0
112.0,360.0,0.0,1,1,1,0,0,8.572060092857077,0
151.0,360.0,1.0,1,1,0,0,1,8.801168401936692,0
191.0,360.0,1.0,1,1,0,1,1,9.165343006045447,1
122.0,360.0,1.0,1,1,0,0,1,8.527539483470381,1
110.0,360.0,1.0,1,1,1,0,2,8.569026340056254,1
35.0,360.0,1.0,1,0,1,0,2,7.273786317844895,0
120.0,360.0,1.0,0,0,0,0,1,8.671286726753637,1
201.0,360.0,1.0,1,1,0,0,2,8.927314111060596,0
74.0,360.0,1.0,1,0,0,0,2,8.06054004653864,0
106.0,360.0,1.0,1,0,0,1,0,8.453614209773367,0
114.0,360.0,1.0,1,1,0,0,1,8.550047528287184,1
320.0,360.0,1.0,1,0,0,0,0,9.648595302907339,0
146.41216216216216,360.0,1.0,1,1,0,0,2,8.376090350438238,1
100.0,360.0,0.0,1,1,0,0,2,8.057694194815587,0
144.0,360.0,1.0,0,1,0,0,1,8.542080906924017,1
184.0,360.0,1.0,1,0,0,0,2,9.339261152043022,1
110.0,360.0,1.0,1,0,1,0,1,8.59711281459211,1
80.0,360.0,1.0,1,0,0,0,2,8.1886891244442,0
47.0,360.0,1.0,1,0,0,0,2,8.0106915391303,1
75.0,360.0,1.0,1,1,0,0,2,7.783224016336037,1
134.0,360.0,1.0,1,1,0,0,1,8.744647438317532,1
96.0,360.0,1.0,1,1,1,1,2,8.454253391642363,1
88.0,360.0,1.0,0,0,0,0,2,8.134467570277563,1
44.0,360.0,1.0,1,1,0,0,2,8.639233817325263,1
144.0,360.0,1.0,1,1,0,0,2,8.669227347271736,1
120.0,360.0,0.0,0,1,0,0,2,8.713582005421628,0
144.0,360.0,1.0,0,0,0,0,1,8.744328763999984,1
100.0,360.0,1.0,0,1,1,0,1,8.18088094199639,1
120.0,360.0,1.0,0,0,0,0,1,8.034631032923107,1
112.0,360.0,1.0,0,0,0,0,1,8.349957272040324,0
134.0,360.0,1.0,1,1,0,0,2,8.437283808187935,0
286.0,360.0,0.0,0,1,0,1,2,9.350102314351341,0
97.0,360.0,1.0,1,1,0,0,1,8.262300941787448,1
96.0,360.0,1.0,1,1,0,0,1,8.222285073872717,1
135.0,360.0,1.0,1,1,0,0,0,8.624431942085836,0
180.0,360.0,1.0,1,1,0,0,2,9.242807562113684,1
144.0,360.0,1.0,1,1,1,0,2,8.734881892047483,1
120.0,360.0,1.0,1,1,0,0,2,8.74766979009724,1
99.0,360.0,1.0,1,1,0,0,2,8.015987811027237,1
165.0,180.0,0.0,1,1,1,1,0,8.709134991587183,0
146.41216216216216,360.0,0.0,1,1,0,0,0,8.506132244056813,0
116.0,360.0,0.0,0,0,0,0,1,8.334711621820917,0
258.0,360.0,1.0,1,1,0,0,1,9.241935933565934,0
126.0,180.0,0.0,1,0,1,0,2,8.604104563405533,0
312.0,360.0,1.0,1,1,0,0,2,9.28266103355581,1
125.0,300.0,1.0,1,1,1,1,2,8.867850063029406,1
136.0,360.0,0.0,0,0,0,0,1,8.366370301681654,0
172.0,360.0,1.0,1,1,0,0,2,8.744169388750624,1
97.0,360.0,1.0,1,1,1,1,1,8.229511118964457,1
81.0,300.0,1.0,1,0,0,0,1,8.160518247477505,1
95.0,360.0,0.0,1,1,1,0,1,8.46695197497949,0
187.0,360.0,1.0,1,1,0,1,1,8.859363449152088,1
113.0,300.0,1.0,1,0,0,0,2,8.229511118964457,0
176.0,360.0,1.0,1,0,0,0,2,9.047821442478408,0
110.0,360.0,1.0,1,1,0,1,2,8.299534570332597,0
180.0,300.0,0.0,1,1,0,0,1,8.877242435993919,0
130.0,360.0,1.0,1,1,1,1,1,8.612321536507814,1
111.0,360.0,1.0,0,0,0,0,1,8.254788926148725,1
146.41216216216216,360.0,1.0,1,1,0,1,1,7.781138509845015,1
167.0,360.0,1.0,0,1,0,0,2,8.089175678837561,0
265.0,360.0,1.0,1,1,0,0,1,9.017968479328726,0
50.0,300.0,1.0,1,1,0,0,2,8.291045131081729,1
136.0,360.0,1.0,1,0,0,0,1,8.496378051702317,1
99.0,360.0,1.0,1,1,1,0,1,8.581669210600602,1
104.0,360.0,1.0,1,1,0,0,1,8.43771698991444,1
210.0,360.0,1.0,1,0,0,0,2,9.055556158175316,1
175.0,360.0,1.0,1,1,0,0,1,9.196444266784072,1
131.0,360.0,1.0,1,1,0,0,1,8.675563527387679,1
188.0,180.0,1.0,1,1,0,0,1,9.384629757072872,1
81.0,360.0,1.0,1,1,1,0,2,8.535622326884605,1
122.0,360.0,1.0,1,0,0,0,1,8.326758814511733,1
25.0,300.0,1.0,1,0,1,0,1,8.194229304819817,1
146.41216216216216,360.0,1.0,1,0,0,0,2,8.822027322685583,0
137.0,360.0,1.0,0,1,0,0,1,8.47345026846832,1
50.0,360.0,1.0,1,1,0,0,1,7.9976631270201,1
115.0,180.0,1.0,1,1,1,0,1,8.339978571990427,1
131.0,360.0,1.0,1,1,0,0,1,8.575462099540212,1
133.0,180.0,1.0,1,1,1,0,2,8.929435283803425,1
151.0,360.0,1.0,1,0,0,0,1,9.065198986306513,1
146.41216216216216,360.0,1.0,1,1,0,0,2,9.521494800613105,1
146.41216216216216,360.0,1.0,1,1,0,0,1,9.016148642611741,1
160.0,360.0,1.0,1,1,0,0,2,8.42726848388825,1
100.0,360.0,1.0,1,1,0,0,2,8.31434234336979,1
225.0,360.0,1.0,1,1,0,0,2,9.436918020024674,1
120.0,360.0,1.0,1,0,1,0,0,8.9001399880938,0
216.0,360.0,0.0,1,1,0,0,2,8.909235279192261,0
94.0,300.0,1.0,1,1,1,0,1,7.946263643580541,1
136.0,360.0,1.0,1,0,0,0,2,8.578476419833136,1
139.0,360.0,1.0,0,1,0,0,1,8.568266461600238,1
152.0,360.0,0.0,1,1,1,0,0,8.94715577112479,0
146.41216216216216,360.0,1.0,0,0,0,1,1,8.916103530553727,1
118.0,360.0,1.0,1,0,0,0,1,8.527143522269405,1
185.0,180.0,1.0,1,1,0,0,0,9.587611745713565,1
154.0,360.0,1.0,0,1,0,0,1,8.60337088765729,1
85.0,360.0,1.0,1,1,0,0,2,8.192016914536875,1
175.0,360.0,1.0,1,1,0,0,0,8.950273466557375,0
259.0,360.0,1.0,0,0,0,0,2,9.250330020192342,1
180.0,360.0,1.0,1,1,0,0,0,9.0280988119824,1
44.0,360.0,1.0,0,0,0,0,1,8.334711621820917,1
137.0,360.0,0.0,0,0,0,0,1,9.316230747233615,1
81.0,360.0,1.0,1,1,0,0,1,7.9919305198524775,1
194.0,360.0,1.0,1,1,1,0,0,8.750524669117937,1
93.0,360.0,1.0,0,0,0,0,0,8.213923595622743,1
370.0,360.0,1.0,1,1,0,0,0,10.077566902136047,1
146.41216216216216,360.0,1.0,1,0,0,0,0,8.61341204915678,1
160.0,180.0,0.0,1,1,0,1,2,9.572410734431823,0
182.0,360.0,1.0,1,1,0,0,0,9.065198986306513,0
650.0,300.0,1.0,1,0,0,1,2,9.91175329695316,1
74.0,360.0,1.0,1,0,0,0,2,8.279697133877628,1
70.0,360.0,1.0,1,0,0,0,1,7.907651594711089,1
25.0,300.0,1.0,1,1,0,1,1,8.148734808937169,1
102.0,360.0,1.0,1,0,0,0,1,8.49596955496461,1
290.0,360.0,1.0,1,1,0,0,1,9.371608519572305,0
84.0,360.0,1.0,0,1,0,0,0,8.430109084509125,0
88.0,360.0,1.0,1,1,0,1,2,8.827028068509152,1
242.0,360.0,0.0,1,0,0,0,1,9.61573881119536,0
129.0,360.0,1.0,1,1,1,0,0,8.635864721133736,0
185.0,360.0,1.0,1,1,0,0,0,8.871365005136852,0
168.0,360.0,1.0,1,0,0,0,2,8.597297435657898,1
175.0,180.0,1.0,1,0,0,1,1,8.846496938558838,1
122.0,360.0,1.0,1,1,0,0,1,8.462103225098277,1
187.0,180.0,1.0,1,1,0,0,2,9.372204086867741,1
100.0,360.0,1.0,0,1,0,0,1,8.827028068509152,1
70.0,360.0,1.0,0,1,0,0,2,9.60683200528524,1
30.0,360.0,1.0,1,1,0,0,2,7.993957547573565,1
225.0,360.0,1.0,0,0,0,0,0,9.364433907313582,0
125.0,360.0,1.0,1,1,0,0,1,8.646465527120377,1
118.0,360.0,0.0,1,0,0,0,0,8.744647438317532,0
152.0,360.0,1.0,1,1,0,1,0,8.752581469146884,1
244.0,360.0,1.0,1,0,0,0,2,9.123256265069069,0
113.0,360.0,1.0,1,1,1,0,0,7.732369222284388,0
50.0,360.0,1.0,1,0,0,0,2,8.087640287778983,1
600.0,180.0,0.0,1,1,0,0,1,10.596609732783568,1
160.0,360.0,1.0,1,1,0,0,0,8.699514748210191,1
187.0,360.0,1.0,1,1,0,0,2,9.16303909885817,1
120.0,360.0,1.0,1,0,0,0,0,8.529714471969909,1
255.0,360.0,1.0,1,1,0,0,1,9.23092700558457,1
98.0,360.0,1.0,1,1,1,0,1,7.973844375944687,1
275.0,360.0,1.0,1,1,0,0,2,8.978786553302003,0
121.0,360.0,0.0,1,1,0,0,1,8.382289428951436,0
158.0,360.0,1.0,1,1,0,0,0,8.633018756921828,1
75.0,180.0,1.0,1,1,0,0,2,9.140239744296693,1
182.0,360.0,1.0,1,1,0,0,0,8.835355971121606,1
112.0,360.0,1.0,0,1,0,0,0,8.430109084509125,0
129.0,360.0,1.0,1,1,0,0,0,8.660773919893762,1
63.0,300.0,0.0,1,0,0,0,1,7.71289096149013,0
200.0,360.0,1.0,1,1,0,0,1,8.987196820661973,1
95.0,360.0,1.0,1,1,1,0,0,8.185628891147607,1
700.0,300.0,1.0,1,1,0,0,2,10.854430887309706,1
81.0,180.0,1.0,1,1,1,0,0,8.166784289056151,0
187.0,360.0,1.0,1,1,0,0,1,9.335474102732949,1
87.0,360.0,1.0,1,1,1,1,1,8.533066540572527,0
116.0,360.0,1.0,1,1,0,0,0,8.605387202152153,1
101.0,360.0,1.0,1,1,0,0,0,8.20631072579402,1
495.0,360.0,0.0,1,1,0,0,1,9.730086093116732,0
116.0,360.0,1.0,1,1,0,0,1,8.229511118964457,1
102.0,300.0,0.0,1,0,1,0,2,8.238536930171769,0
180.0,360.0,0.0,1,1,0,0,2,9.521494800613105,0
67.0,360.0,1.0,1,0,0,0,0,8.850660919017152,0
73.0,180.0,1.0,1,1,0,0,1,8.433811582477187,1
260.0,360.0,1.0,1,1,0,0,1,10.429576102968031,0
108.0,360.0,1.0,0,1,0,0,1,8.195609567288775,1
120.0,360.0,1.0,1,1,0,1,1,10.689601259598334,1
66.0,300.0,0.0,1,1,0,1,0,7.686162303492906,0
58.0,360.0,1.0,1,1,0,0,0,8.416488487294606,1
168.0,360.0,1.0,1,1,0,1,0,8.694502206386648,1
188.0,180.0,1.0,1,1,0,0,0,9.140775908590273,1
48.0,360.0,1.0,1,0,1,0,0,8.493924564476883,1
164.0,360.0,1.0,1,0,0,0,1,9.392661928770137,0
160.0,360.0,1.0,1,1,1,0,2,8.704999678440762,0
76.0,360.0,1.0,1,0,0,0,1,8.257904193465674,1
120.0,360.0,1.0,1,0,0,0,0,8.340694647925071,1
170.0,360.0,1.0,1,1,0,0,1,8.649623978596727,0
187.0,360.0,1.0,1,0,0,0,0,9.399554785027307,1
120.0,360.0,1.0,0,0,1,0,2,8.35983738064003,1
113.0,360.0,1.0,0,1,0,0,1,8.737452587550584,1
83.0,360.0,1.0,1,0,0,1,2,9.305650551780507,0
90.0,360.0,1.0,1,1,1,0,1,8.536995818712418,1
166.0,360.0,0.0,1,0,0,0,1,8.5016733797582,1
146.41216216216216,180.0,1.0,1,1,1,0,2,8.292047637431354,0
135.0,360.0,1.0,1,1,1,0,2,8.430109084509125,1
124.0,360.0,1.0,1,1,1,0,1,8.27308133366583,1
120.0,360.0,1.0,0,0,1,0,1,8.391176350832751,1
80.0,360.0,1.0,0,0,0,0,2,8.084562415235304,1
55.0,360.0,1.0,1,0,1,0,0,8.780480107033297,1
59.0,360.0,1.0,1,0,0,0,2,7.8156105320351905,1
127.0,360.0,1.0,1,0,0,0,1,8.136810863675537,0
214.0,360.0,1.0,0,0,0,0,1,9.210340371976184,0
128.0,360.0,0.0,1,1,0,0,1,8.451053388911692,0
240.0,360.0,1.0,1,1,0,1,2,8.960210955576986,1
130.0,360.0,1.0,1,1,1,1,0,8.648747631156539,1
137.0,360.0,1.0,1,1,0,0,2,8.731336360533149,1
100.0,360.0,1.0,1,1,1,0,1,8.483222671845084,1
135.0,360.0,1.0,1,1,0,0,0,7.575584651557793,0
131.0,360.0,1.0,1,1,0,0,1,8.61286694148452,1
72.0,360.0,0.0,1,1,0,0,1,8.517193191416238,0
127.0,360.0,1.0,0,1,0,0,1,8.804775258867686,1
60.0,360.0,0.0,1,1,0,0,2,7.7057128238944275,0
116.0,360.0,1.0,1,1,0,0,1,8.65277248565806,1
144.0,360.0,1.0,1,0,0,0,1,8.659039915644474,1
175.0,360.0,1.0,1,1,0,0,1,9.058121158998672,1
128.0,360.0,1.0,1,1,0,0,1,8.740336742730447,1
170.0,360.0,1.0,1,1,0,0,0,8.086410275323782,0
138.0,360.0,1.0,1,1,1,1,2,8.462737005620179,0
210.0,360.0,1.0,1,1,0,0,1,8.980298078970817,1
158.0,300.0,1.0,1,1,0,0,1,8.467582690862903,1
200.0,360.0,1.0,1,0,0,1,0,8.764053269347762,1
104.0,360.0,1.0,1,1,0,0,1,8.421783006611578,1
42.0,180.0,1.0,1,1,0,0,0,8.22040309993373,1
120.0,360.0,1.0,1,0,1,0,0,8.663369301573839,1
280.0,360.0,1.0,0,0,0,0,1,9.027978814382207,1
140.0,360.0,1.0,1,1,0,0,1,8.503905297089302,1
170.0,360.0,1.0,1,1,0,0,0,8.81877816903701,1
255.0,360.0,1.0,1,1,0,0,2,8.656259239539235,0
122.0,360.0,1.0,0,0,0,1,2,8.149890544402423,1
112.0,360.0,1.0,0,0,0,0,0,8.245909264774093,1
96.0,360.0,1.0,1,1,0,0,1,8.106212902619962,1
120.0,360.0,1.0,1,1,0,0,0,9.289059126687574,1
140.0,180.0,1.0,1,1,1,0,2,8.41027590907016,0
155.0,300.0,1.0,1,0,0,0,2,9.067162602299854,1
108.0,360.0,1.0,1,1,0,1,0,8.92930284224307,1
123.0,360.0,1.0,1,1,1,0,1,8.96482339168508,1
120.0,180.0,1.0,1,0,0,1,2,9.247925132303454,0
112.0,360.0,1.0,1,1,0,0,2,9.1801903950253,1
137.0,180.0,1.0,1,1,1,0,2,8.796036315200814,1
123.0,300.0,1.0,1,1,0,0,1,8.460622839927844,1
90.0,360.0,1.0,1,1,0,0,2,8.209852481301272,1
201.0,360.0,0.0,1,1,1,0,1,8.62299361030245,0
138.0,360.0,1.0,0,0,0,0,2,8.139440521874608,0
104.0,360.0,1.0,1,0,1,1,0,8.465899897028686,1
279.0,180.0,1.0,1,1,1,0,1,9.186252576447092,1
192.0,360.0,0.0,1,0,0,1,2,9.695848187757884,0
255.0,360.0,1.0,0,0,0,0,0,8.03365842788615,1
115.0,360.0,0.0,1,0,1,0,0,8.706986763048892,0
94.0,360.0,1.0,1,1,0,0,2,8.565983355585669,0
304.0,360.0,1.0,1,1,0,0,0,9.72812174830818,0
128.0,360.0,1.0,1,1,1,0,1,8.503297086224126,0
330.0,360.0,1.0,1,1,0,0,2,9.243097936214355,1
134.0,360.0,1.0,1,0,0,0,1,8.359134886757962,1
155.0,300.0,1.0,0,0,0,0,1,8.15507488781144,0
120.0,360.0,1.0,0,0,0,0,0,8.881836305004146,1
128.0,360.0,1.0,1,0,0,1,1,8.549853973655786,1
151.0,360.0,1.0,1,0,0,0,0,8.928242677818302,1
150.0,360.0,1.0,1,1,0,0,1,8.715224041915372,1
160.0,360.0,0.0,1,1,0,0,2,8.723231274827508,1
135.0,360.0,1.0,0,0,0,0,0,8.136810863675537,0
90.0,360.0,1.0,0,0,0,0,2,8.397508348470257,1
30.0,360.0,1.0,0,0,0,0,2,8.082402253926244,1
136.0,360.0,1.0,1,1,0,0,2,9.318835968129482,1
126.0,360.0,1.0,1,0,0,0,0,8.453187861440325,1
150.0,360.0,1.0,1,1,0,0,1,8.48528964240323,1
90.0,360.0,1.0,1,1,0,0,1,8.268731832117737,1
115.0,360.0,1.0,1,1,0,0,1,8.432070937999402,1
207.0,360.0,1.0,1,1,0,0,1,8.891098830616636,1
80.0,360.0,1.0,1,1,0,0,2,8.390041405755754,1
436.0,360.0,1.0,1,1,0,0,1,9.587611745713565,1
124.0,360.0,1.0,0,1,1,0,0,8.318742252692399,1
158.0,360.0,0.0,1,0,1,1,2,8.776321456449958,0
112.0,360.0,1.0,1,1,0,0,1,8.461046030793236,1
78.0,180.0,1.0,1,1,0,0,2,8.097669722345216,1
54.0,360.0,1.0,0,0,0,0,2,8.153925132007862,1
146.41216216216216,360.0,1.0,1,1,0,0,0,9.936293504261306,0
89.0,360.0,1.0,1,0,0,0,0,8.734077192559303,1
99.0,300.0,1.0,0,0,0,1,1,8.370315995555478,0
120.0,360.0,1.0,1,1,0,0,0,8.648922962094131,1
115.0,360.0,1.0,0,0,0,0,1,8.32457884513685,1
187.0,360.0,1.0,1,0,0,0,0,9.159888828480085,1
139.0,360.0,1.0,1,1,0,0,0,8.610865667278873,1
127.0,360.0,0.0,1,1,0,0,1,8.389359819906353,0
134.0,360.0,1.0,1,1,0,0,2,8.45807992692373,1
143.0,300.0,0.0,0,0,0,0,2,8.597297435657898,0
172.0,360.0,1.0,1,1,0,0,1,8.651199471263972,1
110.0,360.0,1.0,1,1,0,0,2,8.642238680390461,1
200.0,360.0,1.0,1,1,0,0,1,8.835646922534773,1
135.0,360.0,1.0,0,1,0,0,2,8.448057452581375,1
151.0,300.0,1.0,0,0,0,0,0,8.928110078202646,0
113.0,360.0,1.0,1,1,0,0,2,8.504918160540624,0
93.0,360.0,0.0,1,1,1,0,2,8.46252579007393,0
105.0,360.0,1.0,1,1,1,0,1,8.439231649946526,1
132.0,360.0,1.0,0,0,0,0,0,8.517193191416238,1
96.0,360.0,1.0,1,1,0,0,2,8.13973227971767,1
140.0,360.0,1.0,1,0,0,0,0,8.779557455883728,1
146.41216216216216,360.0,1.0,1,0,1,0,2,7.600902459542082,0
135.0,360.0,1.0,0,0,0,0,0,8.59932602095476,1
104.0,360.0,0.0,0,0,0,0,2,8.35772841676521,0
480.0,360.0,1.0,1,0,0,0,0,9.915070213779195,0
185.0,360.0,1.0,1,1,1,0,0,8.944680683558895,1
84.0,360.0,1.0,0,0,0,0,1,7.978310969867722,1
111.0,360.0,1.0,1,0,1,0,1,8.5814816812986,1
56.0,360.0,1.0,0,0,0,0,0,7.826842098158293,1
144.0,300.0,1.0,1,1,0,1,0,8.656259239539235,1
159.0,360.0,1.0,1,1,0,0,0,8.370084326378025,0
111.0,180.0,1.0,1,1,1,0,2,8.524962928680598,1
120.0,360.0,1.0,1,1,0,0,1,8.220672170297252,1
88.0,360.0,1.0,1,1,0,0,2,8.340933226000878,1
112.0,360.0,1.0,0,0,0,0,1,8.172164452111904,1
155.0,360.0,1.0,1,1,0,1,0,9.210340371976184,0
115.0,360.0,1.0,1,1,0,0,1,8.426611813185,1
124.0,360.0,1.0,1,1,0,0,1,8.418697944667139,1
146.41216216216216,360.0,1.0,1,1,1,0,0,8.55468163582723,1
132.0,360.0,1.0,0,0,0,0,0,8.724369949208368,1
300.0,360.0,1.0,1,1,0,0,0,9.615805480084347,1
376.0,360.0,0.0,1,1,0,1,0,9.521421537856195,0
130.0,360.0,0.0,1,0,0,0,0,8.50045386741194,1
184.0,360.0,1.0,1,1,0,1,1,8.984443032465352,1
110.0,360.0,1.0,0,1,0,0,2,8.822322177471738,0
67.0,360.0,1.0,0,0,0,0,2,7.824046010856292,1
117.0,360.0,1.0,1,0,0,0,2,8.728587995695898,1
98.0,360.0,1.0,1,0,0,0,1,7.984462732262196,1
71.0,360.0,1.0,1,0,0,0,2,7.949091499830517,1
490.0,180.0,1.0,1,1,0,0,2,11.05622495553552,1
182.0,180.0,1.0,1,1,0,1,2,9.364433907313582,1
70.0,360.0,1.0,1,1,0,1,1,9.209640126861789,1
160.0,360.0,1.0,1,1,0,0,0,8.689127655323706,1
176.0,360.0,1.0,1,1,0,1,0,8.867850063029406,1
146.41216216216216,360.0,0.0,0,0,1,0,2,7.512071245835466,0
71.0,360.0,1.0,0,0,0,0,1,8.333270353255308,1
173.0,360.0,1.0,1,1,1,0,0,8.350902451694811,0
46.0,360.0,1.0,0,0,0,0,0,7.774015077250727,0
158.0,360.0,1.0,1,1,1,0,2,8.662677858158219,1
74.0,360.0,1.0,1,1,1,0,1,8.062432791583195,1
125.0,360.0,1.0,1,1,0,0,0,8.499640032168648,1
160.0,360.0,1.0,1,1,0,0,1,8.508555998020574,1
152.0,360.0,0.0,1,1,1,0,0,8.817742129574842,0
126.0,360.0,1.0,1,1,1,0,2,8.566173813637858,1
259.0,360.0,1.0,1,1,0,0,1,9.29798488182823,1
187.0,360.0,1.0,1,1,0,0,0,9.090993614343617,1
228.0,360.0,1.0,1,1,0,0,1,9.114159813502214,1
308.0,360.0,1.0,1,0,0,0,0,9.466299552232016,0
95.0,360.0,1.0,1,1,0,0,0,8.465689348549121,1
105.0,360.0,0.0,0,1,0,1,0,8.612503371220562,0
130.0,360.0,1.0,0,1,0,0,1,7.982074875081202,1
116.0,180.0,1.0,0,0,0,0,2,8.246171559857563,1
165.0,360.0,1.0,1,1,0,0,0,9.350102314351341,1
67.0,360.0,1.0,1,1,0,0,2,8.262300941787448,0
100.0,300.0,0.0,1,1,1,0,2,8.448057452581375,0
200.0,360.0,1.0,1,1,0,0,1,9.0280988119824,1
81.0,360.0,1.0,0,0,0,0,1,8.460199469896118,0
236.0,360.0,1.0,1,1,0,0,1,9.067277989134345,1
130.0,360.0,1.0,1,1,0,0,2,8.865452825753623,1
95.0,300.0,1.0,1,1,0,0,2,8.707152175339404,1
141.0,360.0,1.0,1,0,0,1,0,8.82790796297859,1
133.0,360.0,1.0,1,0,1,0,0,8.734881892047483,0
96.0,300.0,1.0,1,0,0,0,1,7.824046010856292,0
124.0,360.0,0.0,1,0,0,0,0,8.541690663016626,0
175.0,360.0,1.0,1,1,0,0,1,8.752265313595721,1
570.0,360.0,1.0,1,1,0,0,0,10.126471091048971,0
55.0,360.0,1.0,0,0,0,1,1,9.665166909622071,1
155.0,360.0,1.0,1,1,0,0,1,8.553525120663627,1
380.0,300.0,1.0,1,1,0,1,0,9.752432077616172,1
111.0,180.0,0.0,1,0,0,0,2,8.526945482858915,0
110.0,360.0,1.0,0,0,0,0,2,8.348301054933943,1
120.0,180.0,1.0,1,1,0,0,2,8.655214489313613,1
130.0,360.0,1.0,1,1,0,0,0,9.52850315168155,1
130.0,360.0,1.0,1,1,0,0,1,8.368693183097793,1
71.0,300.0,1.0,1,0,0,0,2,8.029107054619736,0
130.0,360.0,1.0,1,1,0,0,2,8.592486175451668,1
128.0,360.0,1.0,1,1,0,0,1,8.671286726753637,1
296.0,360.0,1.0,1,0,0,0,1,9.227492430793749,1
156.0,360.0,1.0,0,0,0,0,2,8.699514748210191,1
128.0,360.0,1.0,1,0,0,1,2,8.877242435993919,1
100.0,360.0,1.0,1,1,0,0,2,8.42639282708974,0
113.0,180.0,1.0,1,0,0,0,2,8.207129168071326,1
132.0,360.0,1.0,1,0,1,0,1,8.28045768658256,1
146.41216216216216,360.0,0.0,1,1,1,0,2,8.72355674269043,0
136.0,360.0,1.0,1,1,0,0,2,8.465899897028686,1
125.0,360.0,1.0,1,1,0,0,0,8.610319169405722,1
185.0,360.0,1.0,1,0,0,0,0,9.123365357961776,1
275.0,360.0,1.0,1,1,0,0,0,9.159468041602427,1
120.0,360.0,1.0,1,1,0,0,2,8.454892165218858,1
113.0,180.0,1.0,1,1,1,0,1,8.193676665955241,1
113.0,360.0,1.0,1,1,0,0,2,8.411832675758411,1
135.0,360.0,1.0,1,1,0,0,1,8.23217423638394,1
71.0,360.0,0.0,0,0,0,0,2,8.064636475774222,0
95.0,360.0,1.0,1,1,0,0,2,8.410053315858335,1
109.0,360.0,1.0,1,0,1,0,0,8.624791202014256,1
103.0,360.0,0.0,0,0,0,0,1,8.101677747454572,0
45.0,180.0,0.0,1,1,1,0,2,7.968665700466235,0
65.0,300.0,1.0,1,0,1,0,0,7.9211727215870145,0
103.0,360.0,1.0,1,0,0,0,1,10.021270588192511,1
53.0,360.0,1.0,0,0,1,0,1,7.5822291942764615,1
194.0,360.0,1.0,0,0,0,1,0,8.914760527397261,0
115.0,360.0,1.0,0,0,0,0,1,8.42222295382501,1
115.0,360.0,1.0,1,1,1,0,2,8.426611813185,1
66.0,360.0,1.0,0,0,1,0,0,7.70210434005105,1
152.0,300.0,0.0,1,1,0,0,1,9.02401079378469,0
360.0,360.0,0.0,1,1,0,0,0,11.302204433654575,0
62.0,360.0,1.0,0,0,1,1,1,8.260234291607297,0
160.0,360.0,1.0,1,1,0,0,2,8.741296282225147,1
218.0,360.0,0.0,1,1,1,0,0,8.715388097366482,0
110.0,360.0,1.0,1,1,1,0,0,8.363109176033522,1
178.0,360.0,0.0,0,1,1,0,1,8.591558273371545,0
60.0,360.0,1.0,0,0,0,0,2,8.00469951054955,1
160.0,360.0,1.0,0,0,0,0,2,7.8632667240095735,0
239.0,360.0,1.0,1,1,0,1,2,9.980448593672257,0
112.0,360.0,1.0,1,1,0,0,0,8.242229891372231,1
138.0,360.0,1.0,1,1,0,0,1,8.44741429680832,1
138.0,360.0,1.0,1,1,0,0,0,8.67060073804555,1
80.0,360.0,0.0,0,0,1,0,2,7.908387159290043,0
100.0,360.0,1.0,1,1,0,0,2,8.171599480345463,1
110.0,360.0,0.0,1,1,0,0,2,9.095714846134879,0
96.0,360.0,1.0,1,1,0,0,1,9.607773308387083,1
121.0,360.0,1.0,1,1,0,0,0,8.848796450925947,1
81.0,360.0,1.0,0,0,1,0,0,8.43511508038063,0
133.0,360.0,1.0,1,1,0,0,1,8.688622307043769,1
87.0,360.0,1.0,1,1,0,0,0,7.984844261119869,1
60.0,180.0,1.0,1,0,1,0,2,7.907283609426348,1
150.0,360.0,1.0,0,0,0,1,1,9.06230429314878,1
105.0,360.0,0.0,1,0,0,0,0,8.779557455883728,0
405.0,360.0,1.0,1,0,0,0,1,9.463120392418698,1
143.0,360.0,1.0,1,1,0,0,1,8.469052816088302,1
100.0,360.0,1.0,1,0,0,0,2,8.229511118964457,1
146.41216216216216,300.0,1.0,0,1,0,0,1,9.215029361462314,1
50.0,360.0,1.0,1,0,0,0,1,8.236685322712457,1
146.41216216216216,360.0,1.0,1,1,0,0,2,8.11312710422178,1
187.0,360.0,0.0,1,0,0,1,2,9.251098364448351,0
138.0,360.0,1.0,0,1,1,1,0,8.873748128154395,1
187.0,360.0,1.0,1,0,0,0,1,9.07383312732152,1
180.0,360.0,1.0,1,1,0,0,0,9.1833801903934,1
148.0,360.0,1.0,1,0,1,0,1,8.809862805379057,1
152.0,360.0,1.0,1,0,0,0,1,10.537919225261291,1
175.0,300.0,1.0,1,1,0,0,0,9.659248037927183,1
130.0,360.0,1.0,1,1,0,1,0,8.450198322591959,1
110.0,360.0,1.0,1,1,1,0,0,8.445052513638554,1
55.0,360.0,1.0,1,1,0,0,0,8.500047032581268,0
150.0,360.0,0.0,1,1,0,0,0,8.527143522269405,0
190.0,360.0,1.0,1,0,1,1,1,8.368925174747135,0
125.0,360.0,0.0,1,1,1,0,0,8.1786387885907,0
60.0,300.0,1.0,1,1,1,0,2,8.135639903354386,1
149.0,360.0,0.0,1,1,0,0,0,8.644882552557126,0
90.0,180.0,0.0,1,1,0,0,0,8.506940814951886,1
84.0,360.0,1.0,1,0,0,1,1,8.865735152124781,1
96.0,360.0,1.0,1,1,0,0,1,8.258163361537619,1
118.0,360.0,1.0,1,1,0,0,2,8.366602832783736,1
173.0,360.0,1.0,1,1,0,0,2,8.744647438317532,0
136.0,360.0,1.0,1,0,0,0,0,8.378850241794492,1
160.0,360.0,1.0,1,1,0,0,1,9.0280988119824,0
160.0,360.0,1.0,1,1,0,1,1,8.726805608446096,1
128.0,180.0,1.0,1,1,0,0,2,8.954156966583772,1
153.0,360.0,1.0,1,1,0,0,0,8.556990661290303,1
132.0,360.0,1.0,0,0,1,0,1,8.55468163582723,1
98.0,360.0,0.0,1,0,0,0,1,8.334711621820917,0
140.0,360.0,1.0,1,0,0,0,0,8.699514748210191,1
70.0,180.0,0.0,1,1,1,0,2,8.436200032206706,0
110.0,360.0,1.0,1,1,0,0,1,9.722684841711443,1
98.0,360.0,1.0,0,1,1,0,1,8.047829357457841,1
110.0,360.0,1.0,1,1,0,0,2,8.822322177471738,0
162.0,360.0,1.0,1,1,0,1,1,8.617762246337932,1
113.0,180.0,0.0,1,1,1,0,0,8.331586243630754,0
100.0,360.0,1.0,1,1,0,0,1,8.453401058328458,1
93.0,360.0,1.0,0,0,0,1,2,7.824046010856292,1
162.0,360.0,1.0,1,0,0,0,0,9.228180290104513,1
150.0,360.0,1.0,1,1,0,1,0,9.772182251758139,1
230.0,300.0,1.0,1,1,0,0,1,9.041921720351219,1
132.0,360.0,0.0,1,1,0,0,1,8.464846711044029,0
86.0,360.0,1.0,1,1,0,1,1,9.847816267665664,1
146.41216216216216,360.0,1.0,1,1,0,0,2,8.422882511944996,0
154.0,360.0,1.0,0,0,1,0,0,8.37793112408273,1
113.0,360.0,1.0,1,1,1,0,0,8.037543185118697,1
128.0,360.0,1.0,1,1,0,0,1,8.562740006372207,1
234.0,360.0,1.0,1,1,0,0,1,9.290352309945568,1
246.0,360.0,1.0,1,1,0,0,1,9.027978814382207,1
131.0,360.0,1.0,1,1,1,0,0,8.387995252944556,1
80.0,360.0,0.0,1,0,0,0,0,8.173857454773621,0
500.0,360.0,1.0,1,1,0,0,2,9.816457993563025,0
160.0,360.0,1.0,1,1,0,1,1,8.804775258867686,1
75.0,360.0,1.0,1,0,0,0,2,7.79770203551669,0
96.0,360.0,1.0,1,0,1,0,1,8.609590040682205,1
186.0,360.0,1.0,1,1,1,0,2,8.774003600200931,1
110.0,360.0,1.0,1,0,1,0,0,8.213652703029998,1
225.0,360.0,1.0,0,0,1,1,1,9.756320761816548,1
119.0,360.0,0.0,1,1,0,0,0,8.657650544111494,0
105.0,300.0,1.0,0,1,0,0,1,8.352082671352637,1
107.0,360.0,1.0,1,1,1,0,0,8.366370301681654,1
111.0,300.0,1.0,1,1,0,0,2,8.920255414908091,1
95.0,360.0,1.0,1,1,0,1,1,7.970740390007095,1
209.0,360.0,0.0,1,0,0,0,0,9.277905558138606,0
113.0,300.0,1.0,0,0,0,0,0,8.372860820526318,1
100.0,360.0,1.0,0,0,0,0,1,8.058010800802085,1
208.0,360.0,1.0,1,1,0,0,1,9.258082367961604,1
138.0,360.0,1.0,1,1,1,0,0,9.143345503151904,0
124.0,300.0,1.0,1,1,1,0,1,8.574895901544526,1
243.0,360.0,1.0,1,1,0,0,0,8.97790377375038,1
480.0,360.0,1.0,1,1,0,0,2,10.221941283654663,1
96.0,360.0,1.0,1,0,0,0,2,8.183955717304954,0
188.0,360.0,1.0,1,1,0,1,2,8.61104776688786,1
40.0,360.0,1.0,0,0,0,0,2,9.492658081928813,1
100.0,360.0,1.0,1,0,1,0,0,8.493924564476883,0
250.0,360.0,1.0,1,1,0,0,1,8.995784837848506,1
148.0,360.0,1.0,1,1,0,0,2,8.578852571802965,1
70.0,180.0,1.0,1,1,0,0,1,9.082052351674651,0
311.0,360.0,1.0,1,0,0,0,0,9.15704507491796,0
150.0,360.0,1.0,1,1,0,0,0,8.83840674707681,1
113.0,300.0,1.0,0,1,0,0,1,8.206037762778815,1
123.0,360.0,0.0,1,1,1,0,1,8.491670234185152,0
185.0,360.0,1.0,1,0,0,0,1,8.794521851788527,0
95.0,360.0,1.0,0,0,1,0,0,8.131530710604252,0
45.0,360.0,1.0,1,1,1,0,1,8.277411998949004,1
55.0,360.0,1.0,1,0,0,0,1,7.824046010856292,1
100.0,360.0,1.0,1,1,0,1,0,8.867990898182093,1
480.0,360.0,1.0,1,1,0,1,0,9.623376745580666,1
146.41216216216216,360.0,1.0,1,0,0,0,1,8.819813136232225,0
400.0,360.0,1.0,1,1,0,1,0,9.769956159911606,1
110.0,360.0,1.0,1,1,0,0,1,8.236155661683124,1
161.0,360.0,0.0,1,1,1,0,1,8.812099108957337,1
94.0,360.0,1.0,1,0,1,0,1,8.289288323000317,1
130.0,360.0,1.0,1,0,1,0,1,8.82217476094608,1
216.0,360.0,1.0,1,1,0,0,0,8.783396232190894,1
100.0,360.0,1.0,1,1,0,0,2,8.361941906144946,1
110.0,360.0,0.0,1,0,0,0,0,8.185350223178686,0
196.0,360.0,1.0,1,0,0,0,1,9.328123407632566,0
125.0,360.0,1.0,0,0,1,1,2,9.807251944655302,1
126.0,360.0,1.0,1,0,1,0,0,8.432070937999402,1
324.0,360.0,1.0,1,1,0,0,2,9.214232786691527,1
107.0,360.0,1.0,1,0,0,0,1,8.193400231952097,1
66.0,360.0,1.0,1,1,1,0,0,8.146998697389993,0
157.0,180.0,1.0,1,1,0,0,0,8.766705997750515,1
140.0,180.0,1.0,0,1,0,0,1,8.916371914881694,1
99.0,360.0,0.0,0,0,0,0,1,7.6676260915849905,0
95.0,360.0,1.0,0,0,0,0,1,8.20303024171486,1
128.0,360.0,1.0,1,1,1,0,2,8.46863300080086,1
102.0,360.0,1.0,0,1,1,0,1,8.210668031162976,1
155.0,360.0,1.0,1,1,0,0,0,8.45914025996762,1
80.0,300.0,1.0,1,0,1,0,1,8.119100837637486,0
145.0,360.0,1.0,1,0,0,0,0,8.368461137615839,1
103.0,360.0,0.0,0,0,0,0,1,8.517193191416238,0
110.0,360.0,1.0,1,1,0,0,0,8.476579508530941,1
146.41216216216216,360.0,0.0,1,1,0,1,0,8.799812469525556,0
146.41216216216216,360.0,1.0,1,1,1,0,0,8.490233009833455,1
158.0,360.0,1.0,1,1,0,0,2,8.792245847467877,1
181.0,360.0,0.0,1,1,1,0,2,8.473659189392508,0
132.0,180.0,0.0,1,1,0,0,0,8.969414650866176,0
26.0,360.0,1.0,1,1,0,0,1,8.779557455883728,1
84.0,360.0,1.0,0,0,0,0,2,8.36450810375059,1
260.0,360.0,1.0,1,1,0,1,1,9.22414465295258,1
162.0,360.0,1.0,1,1,0,0,1,8.78813593986372,1
182.0,360.0,1.0,0,1,0,0,1,8.777401286867264,1
108.0,360.0,1.0,1,1,1,0,1,8.27308133366583,1
600.0,360.0,1.0,0,1,0,1,1,9.877348894926433,1
211.0,360.0,1.0,1,1,0,0,0,8.984317679911129,1
132.0,360.0,1.0,1,0,1,1,1,8.66561319653451,1
258.0,360.0,0.0,1,1,0,0,2,9.08239335764556,0
120.0,360.0,1.0,1,1,1,0,0,8.404472321352118,1
70.0,360.0,1.0,1,0,0,0,2,8.11162807830774,1
123.0,360.0,0.0,1,1,0,0,0,8.68270762989381,0
9.0,360.0,1.0,0,0,0,0,2,7.774015077250727,0
104.0,360.0,0.0,1,1,0,0,2,8.56216655705897,0
186.0,360.0,1.0,1,1,0,0,2,8.550047528287184,1
165.0,360.0,0.0,1,1,0,0,2,8.789812386190972,0
275.0,360.0,1.0,1,1,0,0,2,9.721125994942152,1
187.0,300.0,1.0,1,1,1,0,1,8.955448122347393,0
150.0,360.0,1.0,1,1,0,0,1,8.764990330169104,0
108.0,300.0,1.0,1,1,0,0,2,8.194229304819817,1
136.0,360.0,0.0,1,1,0,0,1,8.574895901544526,0
110.0,360.0,1.0,1,0,0,0,2,8.694167141883597,1
107.0,360.0,1.0,1,1,0,0,0,8.297543529356284,1
161.0,360.0,1.0,1,0,0,0,2,8.715880102296456,1
205.0,360.0,1.0,1,1,0,0,1,8.785692444451245,1
90.0,360.0,1.0,1,0,0,0,2,10.482149379105689,0
36.0,360.0,1.0,0,1,0,0,1,8.060224240440958,1
61.0,360.0,1.0,1,1,0,0,0,7.539027055823995,0
146.0,360.0,0.0,1,1,0,0,0,8.456168489578463,0
172.0,300.0,1.0,1,1,0,0,0,8.893298144217916,0
104.0,360.0,1.0,1,1,0,0,2,8.247743887225516,1
70.0,360.0,1.0,0,0,1,0,1,7.68017564043659,1
94.0,360.0,1.0,1,0,0,0,1,8.465899897028686,1
106.0,360.0,0.0,1,1,0,1,1,7.9105906122564775,0
56.0,180.0,1.0,1,1,0,0,1,8.766550149546351,1
205.0,300.0,1.0,1,1,0,1,1,8.699514748210191,0
292.0,360.0,1.0,1,0,0,1,1,9.143880005275912,1
142.0,180.0,1.0,1,1,0,0,0,8.876125585396185,1
260.0,360.0,1.0,1,1,0,1,2,9.68781601606062,1
110.0,360.0,1.0,1,0,1,0,0,8.251403065380556,1
187.0,360.0,1.0,1,1,1,1,0,8.906935339059165,0
88.0,360.0,0.0,1,0,0,0,1,8.00202481821611,0
180.0,360.0,1.0,1,1,0,1,0,9.206633510044856,1
192.0,360.0,1.0,1,1,0,0,2,8.662158961666423,1
350.0,180.0,1.0,0,0,0,0,2,10.647399137646048,0
155.0,360.0,1.0,1,1,1,0,0,8.645762292210945,1
128.0,360.0,1.0,1,1,0,0,2,8.648747631156539,1
172.0,360.0,1.0,1,0,0,0,0,8.984317679911129,1
496.0,360.0,1.0,0,1,0,0,1,9.392661928770137,1
146.41216216216216,180.0,1.0,1,1,1,0,2,8.732304571033183,0
173.0,360.0,1.0,1,1,0,0,1,8.68270762989381,1
157.0,360.0,1.0,1,1,1,0,0,8.59378379357795,1
108.0,360.0,1.0,1,1,0,0,0,8.552946361122055,1
71.0,360.0,1.0,0,0,0,0,0,7.9724660159745655,1
40.0,180.0,1.0,1,1,0,0,0,8.32020459757888,1
253.0,360.0,1.0,1,1,0,0,2,9.025455532779063,1
187.0,360.0,1.0,1,1,0,0,2,8.933664178700935,1
133.0,360.0,0.0,0,0,0,1,1,8.430109084509125,0
